{"usage":"act","userdnn_id":null,"pre_process":null,"accuracy":"0.9734439834024896","assets":null,"categories":[{"category_id":"d38aec0c-f830-42e9-beb0-6a273c6c2f43","category_name":"Twisting"},{"category_id":"53f7c2ef-ebb1-40a4-9dab-29a79fa16f85","category_name":"Shaking"},{"category_id":"162a5780-d1a2-4cf9-b80b-bb17d0eeacc9","category_name":"Spinning"}],"eval_data":{"type":"test_msg","precision_recall":[{"class_id":"Shaking","confusion_matrix":[0.0,0.0,0.0]},{"class_id":"Spinning","confusion_matrix":[0.0,0.0,0.0]},{"class_id":"Twisting","confusion_matrix":[0.0016597510373443983,0.0,0.9734439834024896]}],"class_summary":[{"class_id":"Shaking","data":{"accuracy":"0.00000","precision":"0.00000","recall":"0.00000"}},{"class_id":"Spinning","data":{"accuracy":"0.00000","precision":"0.00000","recall":"0.00000"}},{"class_id":"Twisting","data":{"accuracy":"1.00000","precision":"1.00000","recall":"0.97344"}}],"avg_accuracy":0.9734439834024896,"avg_recall":0.3244813278008299,"avg_precision":0.3333333333333333,"timestamp":"2023-07-03T16:10:50","callback":{"msgState":"training","msgReturnCode":"InProgress","msgDesc":"None"}},"dataset_summary":{"file_count":16,"class_count":3,"class_list":[{"name":"Twisting","label_count":14,"tag_duration":54500.0,"file_count":7,"image_count":7},{"name":"Shaking","label_count":4,"tag_duration":29000.0,"file_count":4,"image_count":4},{"name":"Spinning","label_count":5,"tag_duration":23000.0,"file_count":5,"image_count":5}]},"strategy":{"epochs":"20","test_interval":"10","learning_rate":"0.001","weight_decay":"0.0005","momentum":"0.9","ratio":0.8},"name":"Water Bottle Action Detection Dataset_model","nn_arch":"ssn","production_status":"untested","version":"8.7.0"}